agent_short,success_rate,ci_low,ci_high
Direct,0.18928571428571428,0.16428571428571428,0.21431547619047603
CoT,0.20357142857142857,0.1761904761904762,0.23214285714285715
ReAct,0.2571428571428571,0.22857142857142856,0.2857142857142857
Tool-router,0.2726190476190476,0.24047619047619048,0.3011904761904762
Memory,0.25476190476190474,0.22735119047619048,0.2845238095238095
Reflect,0.3011904761904762,0.2714285714285714,0.33214285714285713
