task_family,direct_success,reflect_success,absolute_gain,fisher_exact_p,odds_ratio
QA_retrieval,0.25833333333333336,0.425,0.16666666666666663,0.009501732643625806,0.4712491738268341
safety_policy,0.48333333333333334,0.6333333333333333,0.14999999999999997,0.02690266077526982,0.5415959252971138
tool_api_use,0.10833333333333334,0.24166666666666667,0.13333333333333333,0.010224660918708377,0.3812439574605221
fact_verification,0.30833333333333335,0.43333333333333335,0.125,0.06107125441376945,0.5829471733086191
interactive_web,0.09166666666666666,0.20833333333333334,0.11666666666666668,0.017850973612052908,0.3834862385321101
code_patch,0.041666666666666664,0.09166666666666666,0.049999999999999996,0.19448435906206063,0.4308300395256917
embodied_planning,0.03333333333333333,0.075,0.041666666666666664,0.25344695574586484,0.42528735632183906
